question,correct_answer,fake_answer_1,fake_answer_2,fake_answer_3,Chapter,Book,Version
What is one function of dendritic spines as suggested by theoretical and experimental evidence?,They create isolated biochemical microenvironments for inducing synaptic changes.,They primarily increase the effective membrane capacity of a neuron.,They are mainly responsible for generating action potentials in axons.,They serve to connect axons with glial cells in the brain.,1,Koch,BrainXBench_CHOICE
What term refers to the ability of synapses to undergo strengthening or weakening?,Synaptic plasticity,Synaptic cleft,Synaptic vesicles,Synaptic reversal potential,2,Koch,BrainXBench_CHOICE
What is the relationship between synaptic plasticity and synaptic weight?,Synaptic plasticity affects synaptic weight.,Synaptic weight prevents synaptic plasticity.,Synaptic plasticity occurs independently of synaptic weight.,Synaptic weight increases quotient release.,3,Koch,BrainXBench_CHOICE
What is the term for the fatty layer that wraps around the axons of some neurons?,Myelin sheath,Synaptic cleft,Dendritic spine,Voltage clamp,4,Koch,BrainXBench_CHOICE
What is synaptic plasticity associated with according to the text?,Long-term enhancements and short-term enhancements.,Decreased synaptic weight.,Inhibition of neurotransmitter release.,Absence of paired-pulse facilitation.,5,Koch,BrainXBench_CHOICE
What phenomenon involves the enhancement of synapses and relates to synaptic plasticity?,Long-term potentiation,Synaptic cleft widening,Synaptic vesicle buildup,Neurotransmitter depletion,6,Koch,BrainXBench_CHOICE
What is the principal function of chemical synapses as described in the text?,They convert presynaptic voltage signals into postsynaptic electrical signals.,They generate action potentials in the postsynaptic neuron.,They store neurotransmitters for later release.,They block the transmission of signals across neurons.,7,Koch,BrainXBench_CHOICE
What is paired-pulse facilitation (PPF) associated with in the context of synaptic plasticity?,It involves a short-term enhancement of synaptic activity.,It reduces the number of synaptic vesicles released.,It is related to long-term depression in synapses.,It leads to the permanent modification of synaptic structures.,8,Koch,BrainXBench_CHOICE
What does synaptic plasticity refer to in neuroscience?,The ability of synapses to strengthen or weaken over time.,The static resistance mechanism of synapses.,Rapid degradation of neurotransmitters in the synaptic cleft.,The consistency of synaptic strength across all neurons.,9,Koch,BrainXBench_CHOICE
What is the role of NMDA synapses in pattern discrimination according to the text?,They enable high-level computation by allowing neurons to recognize specific patterns through synaptic clustering.,They primarily function as inhibitory synapses that reduce neuronal firing rates.,They act as storage units for neurotransmitters in the dendritic tree.,They increase the speed of signal transmission across axons by myelination.,10,Koch,BrainXBench_CHOICE
What concept is described by the interaction and modification of synaptic strength over time?,Synaptic plasticity,Voltage decay,Dendritic spines,Visual cortex,11,Koch,BrainXBench_CHOICE
What is synaptic plasticity associated with in terms of neural changes?,Augmentation and depression,Axonal sprouting only,Membrane hyperpolarization,Neurotransmitter synthesis,12,Koch,BrainXBench_CHOICE
What is synaptic plasticity associated with according to the text?,Short-term enhancements and long-term enhancements.,Permanent removal of synaptic vesicles.,Complete inhibition of synaptic interactions.,Destruction of dendritic spines.,13,Koch,BrainXBench_CHOICE
What are synaptic vesicles associated with in the nervous system?,They are associated with synaptic release.,They generate electrical impulses.,They form dendritic spines.,They transmit visual signals.,14,Koch,BrainXBench_CHOICE
What are synaptic vesicles associated with in neuroscience?,Synaptic release,Reduction of synaptic cleft width,Formation of dendritic spines,Blocking voltage-dependent currents,15,Koch,BrainXBench_CHOICE
What is the role of calcium ions in synaptic transmission?,Calcium ions trigger the fusion of synaptic vesicles with the presynaptic membrane.,Calcium ions block the release of neurotransmitters into the synaptic cleft.,Calcium ions are stored in the postsynaptic neuron to initiate synaptic transmission.,Calcium ions prevent the binding of neurotransmitters to postsynaptic receptors.,16,Koch,BrainXBench_CHOICE
What is the role of a quasi-active membrane in neuronal circuits?,It causes the membrane potential to show damped oscillations.,It prevents any voltage changes in the neuron.,It completely blocks the sodium current in neurons.,It generates continuous action potentials without input.,17,Koch,BrainXBench_CHOICE
What is the effect of synaptic vesicles in the context of neuroscience?,They are involved in synaptic release.,They regulate voltage-dependent channels.,They determine synaptic reliability.,They alter dendritic spine shape.,18,Koch,BrainXBench_CHOICE
What is the role of synaptic vesicles mentioned in the text?,Synaptic vesicles are involved in synaptic release.,Synaptic vesicles store calcium triggers.,Synaptic vesicles contain the synaptic cleft.,Synaptic vesicles are responsible for synaptic plasticity algorithms.,19,Koch,BrainXBench_CHOICE
What distribution is commonly used to describe the spontaneous release of neurotransmitter packets at the frog neuromuscular junction?,Poisson distribution,Normal distribution,Binomial distribution,Exponential distribution,20,Koch,BrainXBench_CHOICE
Which phenomenon is related to the modification of synaptic strength?,Synaptic plasticity,Temporal coding,Threshold,Transfer impedance,21,Koch,BrainXBench_CHOICE
Which type of neuron is characterized by firing a single burst in response to a just-threshold stimulus?,Intrinsically bursting neuron,Regular spiking neuron,Fast spiking neuron,Chattering neuron,22,Koch,BrainXBench_CHOICE
What term is used to describe the synaptic enhancement that can occur over a short period?,Short-term enhancements,Long-term potentiation,Posttetanic potentiation,Paired-pulse depression,23,Koch,BrainXBench_CHOICE
What type of cells play a role in the generation of synchronous oscillations in the visual cortex according to Gray and McCormick?,Superficial pyramidal neurons,Deep layer interneurons,Retinal ganglion cells,Basal glial cells,24,Koch,BrainXBench_CHOICE
What happens to the voltage in a cable at the site of a current step in one time constant?,It rises to 84% of its steady-state value.,It drops to 50% of its initial value.,It rises to 63% of its steady-state value.,It remains unchanged at the site of the current step.,25,Koch,BrainXBench_CHOICE
What activates CaM kinase II in the postsynaptic density?,Calcium-calmodulin complex,Potassium ions,Sodium channels,Dopamine receptors,26,Koch,BrainXBench_CHOICE
What does the average firing rate of the coincidence detection unit depend on?,Product of two individual event probabilities,Sum of voltage thresholds,Difference between two synaptic potentials,Logarithmic increase of membrane potential,27,Koch,BrainXBench_CHOICE
What is a characteristic of synaptic transmission mentioned in the text?,Synaptic transmission is stochastic.,Synaptic transmission is always predictable.,Synaptic transmission occurs only during sleep.,Synaptic transmission is unique to humans.,28,Koch,BrainXBench_CHOICE
What are synaptic vesicles associated with?,Synaptic release,Voltage decay,Twitching spine hypothesis,Gas-based computation,29,Koch,BrainXBench_CHOICE
What is synaptic plasticity?,The ability of synapses to strengthen or weaken over time.,A process where synapses create new neurons.,The mechanism by which neurotransmitters are stored.,A technique used to measure voltage in neurons.,30,Koch,BrainXBench_CHOICE
What is the primary function of wrapping axons in insulating material such as myelin?,It leads to a dramatic speedup of signal propagation compared to unmyelinated fibers.,It increases the diameter of the axons to make them more visible.,It generates neurotransmitters for synaptic communication.,It prevents any branching of the axon terminals.,31,Koch,BrainXBench_CHOICE
What does synaptic plasticity refer to?,Changes in synaptic strength.,Constant increase of synaptic vesicles.,Permanent elimination of synaptic cleft.,Static reliability of synapses over time.,32,Koch,BrainXBench_CHOICE
What is the calculated current threshold for generating an action potential in this neuron model?,0.295 nA,0.150 nA,1.000 nA,0.050 nA,33,Koch,BrainXBench_CHOICE
What is the function of synaptic vesicles mentioned in the text?,Synaptic release and storage of neurotransmitters.,Maintaining the structural integrity of the neuron.,Transporting ions across the neuron membrane.,Enhancing the speed of electrical impulses.,34,Koch,BrainXBench_CHOICE
What critical feature allows NMDA receptors to be unique among synaptic receptors?,They are gated by both voltage and neurotransmitter.,They are only gated by neurotransmitters.,They are gated by intracellular calcium concentration alone.,They do not require depolarization to pass current.,35,Koch,BrainXBench_CHOICE
What role do calmodulin proteins play in neurons?,They bind with calcium ions and activate or modulate enzymes.,They store electrical impulses for the neuron.,They produce neurotransmitters for synaptic communication.,They act as structural components of the neuronal membrane.,36,Koch,BrainXBench_CHOICE
What is a synaptic cleft?,A gap between neurons in a synapse.,A type of synaptic plasticity.,A neurotransmitter involved in synaptic transmission.,A type of dendritic spine in neurons.,37,Koch,BrainXBench_CHOICE
What concept is associated with short-term enhancements in synaptic plasticity?,Paired-pulse facilitation (PPF),Voltage-clamp technique,Dendritic spine triads,Synaptic vesicle independence,38,Koch,BrainXBench_CHOICE
What do integrate-and-fire models simulate in terms of neuronal behavior?,Passive integration of synaptic inputs and spike initiation.,Rapid signal propagation and neurotransmitter synthesis.,Energy metabolism and synaptic receptor production.,Genetic expression and synaptic pruning.,39,Koch,BrainXBench_CHOICE
What is the binding ratio in intracellular buffers for calcium ions indicated in the text?,"Upward of 20, implying that 95% or more of all calcium is bound.","Less than 10, indicating minimal calcium binding to buffers.","Exactly 10, suggesting a moderate level of calcium binding.","Over 50, indicating almost all calcium ions are free.",40,Koch,BrainXBench_CHOICE
What is synaptic plasticity associated with in the text?,Long-term enhancements and depression.,The myelination of axons.,Visual cortex development.,Voltage attenuation across synapses.,41,Koch,BrainXBench_CHOICE
What is the role of synaptic vesicles according to the text?,They are involved in synaptic release.,They generate action potentials.,They protect neurons from damage.,They store calcium ions.,42,Koch,BrainXBench_CHOICE
What is synaptic plasticity associated with in the given text?,Long-term enhancements.,Giga-seal recording technique.,White noise processes.,Boundary conditions.,43,Koch,BrainXBench_CHOICE
Which neurotransmitter is associated with synaptic input as mentioned in the index?,Acetylcholine (ACh),Dopamine (DA),Serotonin (5-HT),Glutamine (Gln),44,Koch,BrainXBench_CHOICE
What is synaptic plasticity associated with in the context of synaptic interactions?,Long-term enhancements and short-term enhancements.,Permanent degradation of synaptic strength.,Elimination of neurotransmitter release.,Complete breakdown of synaptic microcircuits.,45,Koch,BrainXBench_CHOICE
What is paired-pulse depression (PPD) in the context of synaptic plasticity?,A decrease in synaptic response due to two closely spaced stimuli.,The process of neurotransmitter release at the synaptic cleft.,An increase in synaptic response due to repetitive synaptic activity.,The generation of action potentials after synaptic stimulation.,46,Koch,BrainXBench_CHOICE
What is synaptic plasticity related to in the neural context?,"It involves augmentation, depression, and long-term enhancements.",It only involves short-term enhancements.,It is solely responsible for neuron genesis.,It generates neurotransmitters for synaptic clefts.,47,Koch,BrainXBench_CHOICE
What is the characteristic activation point for the low-threshold transient calcium current?,â€”40 mV,0 mV,+40 mV,-70 mV,48,Koch,BrainXBench_CHOICE
What term describes the fatty layer that wraps around some neuronal axons to increase electrical impulse speed?,Myelin sheath,Synaptic cleft,Dendritic spine,Voltage clamp,49,Koch,BrainXBench_CHOICE
What is required to ensure stability in the forward Euler method for numerical solutions?,The time step must be chosen small enough.,The spatial discretization must be large.,The matrix must be diagonalized.,The boundary conditions must be ignored.,50,Koch,BrainXBench_CHOICE
Which early study focused on depolarization and calcium entry in squid giant axons?,"Baker, P.P., Hodgkin, A.L., and Ridgway, E.B. ""Depolarization and calcium entry in squid giant axons.""","Bair, W., and Koch, C. ""Temporal precision in the response of fly motion-sensitive interneurons.""","Fox, R.F., and Lu, Y. ""Stochastic resonance systems in a turtle cochlea.""","Bickers, B.B., and Smith, R.G. ""Synaptic integration in rodent hippocampal neurons.""",51,Koch,BrainXBench_CHOICE
What refers to the enhancement of synaptic transmission after repeated activity?,Synaptic plasticity,Synaptic cleft,Synaptic reliability,Synaptic vesicles,52,Koch,BrainXBench_CHOICE
What is the relationship between synaptic plasticity and synaptic weight?,Synaptic plasticity involves changes in synaptic weight.,Synaptic weight decreases synaptic plasticity over time.,Synaptic plasticity only affects the synaptic cleft.,Synaptic weight does not change during synaptic plasticity.,53,Koch,BrainXBench_CHOICE
What is the role of synaptic vesicles in the neuron?,They are involved in synaptic release.,They generate action potentials.,They increase the speed of electrical impulse conduction.,They block signals from reaching the synapse.,54,Koch,BrainXBench_CHOICE
What is the synaptic cleft as mentioned in the text?,"It is a space referenced on page 88, 96, and 458.",It is a type of neurotransmitter.,It is a neuron receptor.,It is a part of the dendritic tree.,55,Koch,BrainXBench_CHOICE
What are synaptic vesicles associated with in the text?,Synaptic release,Long-term potentiation,Action potential generation,Dendritic spine growth,56,Koch,BrainXBench_CHOICE
What do synaptic vesicles primarily facilitate in neurons?,The release of neurotransmitters.,The generation of action potentials.,The formation of dendritic spines.,The regulation of ion transport across the membrane.,57,Koch,BrainXBench_CHOICE
What effect does shunting inhibition have on firing rates according to the text?,Shunting inhibition has a subtractive effect on firing rates.,Shunting inhibition prevents neurons from reaching the firing threshold.,Shunting inhibition doubles the firing rate of neurons.,Shunting inhibition has no effect on firing rates.,58,Koch,BrainXBench_CHOICE
What is the main function of myelin in axons?,"It reduces the capacitive load and current leakage, facilitating rapid action potential propagation.",It generates action potentials directly at the nodes of Ranvier.,It allows the axon to transmit sensory information only.,It increases the secretion of neurotransmitters at synapses.,59,Koch,BrainXBench_CHOICE
What does synaptic plasticity involve according to the text?,Enhancements and depression in synaptic interaction.,The generation of myelin sheath around axons.,The transport of nutrients across the blood-brain barrier.,The release of synaptic vesicles into the extracellular space.,60,Koch,BrainXBench_CHOICE
What is paired-pulse facilitation (PPF)?,A form of synaptic plasticity.,A neurotransmitter synthesis process.,A type of voltage-dependent channel.,A function of the visual cortex.,61,Koch,BrainXBench_CHOICE
What primary factor causes the inactivation of the high-threshold L-type calcium current?,Intracellular calcium concentration below the membrane.,External potassium concentration.,Membrane potential at rest.,Presence of neurotransmitters in the synaptic cleft.,62,Koch,BrainXBench_CHOICE
What is synaptic plasticity as mentioned in the text?,A process involving changes in synaptic strength.,A mechanism that removes neurotransmitters from the synaptic cleft.,A type of neuron that coordinates synaptic vesicle release.,A phenomenon that stabilizes the resting membrane potential.,63,Koch,BrainXBench_CHOICE
What topic does synaptic cleft relate to in neuroscience?,Synaptic interactions,Neural stem cells,Axonal growth,Dendritic pruning,64,Koch,BrainXBench_CHOICE
What is paired-pulse facilitation (PPF) associated with?,Synaptic plasticity,Voltage-dependent channels,Visual cortex,Unmyelinated fibers,65,Koch,BrainXBench_CHOICE
What is the role of synaptic vesicles in the neuron?,They are involved in synaptic release.,They increase the speed of electrical impulses.,They store neurotransmitters permanently.,They generate action potentials.,66,Koch,BrainXBench_CHOICE
What is paired-pulse facilitation (PPF) mentioned in the text?,A phenomenon related to synaptic plasticity.,A type of neurotransmitter found in synaptic clefts.,A method for measuring action potential speed.,A subtype of dendritic tree in neurons.,67,Koch,BrainXBench_CHOICE
What does the myelin sheath do for neurons?,It increases the speed of electrical impulse conduction.,It generates action potentials in neurons.,It synapsizes neurons to communicate.,It controls neurotransmitter release.,68,Koch,BrainXBench_CHOICE
What is synaptic plasticity related to?,Synaptic weight,Ion transporters,Voltage decay,Tonic inhibition,69,Koch,BrainXBench_CHOICE
What does synaptic plasticity involve?,Changes in synaptic strength over time.,The generation of new neurons.,Elimination of axon terminals.,Formation of myelin around dendrites.,70,Koch,BrainXBench_CHOICE
What is one of the main roles of dendritic spines in synaptic transmission?,They serve as the major postsynaptic target for excitatory synapses.,They generate action potentials within the axon hillock.,They store neurotransmitters for later release.,They primarily conduct impulses between neurons.,71,Koch,BrainXBench_CHOICE
What is the role of intermolecular autophosphorylation in a kinase switch model?,It allows phosphorylated kinase to phosphorylate other kinase molecules.,It prevents phosphorylation of any kinase molecules.,It only affects DNA molecules directly.,It stops all kinase activity permanently.,72,Koch,BrainXBench_CHOICE
What model describes the excitability of neuronal membranes and is characterized by a subcritical Hopf bifurcation?,FitzHugh-Nagumo model,Morris-Lecar model,Hodgkin-Huxley model,Rose-Hindmarsh model,73,Koch,BrainXBench_CHOICE
What is the role of synaptic vesicles in the nervous system?,They are involved in synaptic release.,They conduct electrical impulses across synapses.,They store excess neurotransmitters inside dendrites.,They create long-term synaptic enhancements.,74,Koch,BrainXBench_CHOICE
What is synaptic plasticity associated with in the provided text?,Synaptic weight and quanta! release.,Dendritic spines and ionic pumps.,Turing machines and visual cortex.,Voltage decay and calcium triggers.,75,Koch,BrainXBench_CHOICE
What concept is associated with short-term enhancements in synaptic plasticity?,Synaptic plasticity,Dendritic spines,Synaptic cleft,Voltage threshold,76,Koch,BrainXBench_CHOICE
What is paired-pulse depression (PPD) related to in neuroscience?,A decrease in synaptic strength after successive stimulations.,An increase in synaptic strength during initial stimulation.,A long-term enhancement of synaptic interactions.,An induction of synaptic reversal potential changes.,77,Koch,BrainXBench_CHOICE
What is paired-pulse depression (PPD) in synaptic plasticity?,"A phenomenon related to synaptic plasticity, as mentioned in the index.",A type of neurotransmitter found in dendritic spines.,A process for calculating synaptic strength using ion transporters.,A model for neuronal transfer impedance in the visual cortex.,78,Koch,BrainXBench_CHOICE
What is relative suppression in synaptic interactions?,It is when inhibition partially suppresses an excitatory input.,It is when inhibition permanently blocks all neural activity.,It is when excitation completely overwhelms inhibition.,It is when synaptic inputs have no effect on each other.,79,Koch,BrainXBench_CHOICE
Which concept is directly associated with the modification of synaptic strength over time?,Synaptic plasticity,Voltage attenuation,Dendritic spines,Wiener processes,80,Koch,BrainXBench_CHOICE
What is synaptic plasticity commonly associated with in neuroscience?,Long-term potentiation,Voltage threshold,Temporal coding,Frequency-dependent space constant,81,Koch,BrainXBench_CHOICE
What does synaptic plasticity involve?,Changes in synaptic strength,Production of neurotransmitters,Formation of new neurons,Destruction of dendritic spines,82,Koch,BrainXBench_CHOICE
What is the function of synaptic plasticity?,It relates to changes in synaptic strength or efficiency.,It generates myelin for neuron insulation.,It controls the heart rate and blood circulation.,It converts chemical signals into electrical signals.,83,Koch,BrainXBench_CHOICE
What is synaptic plasticity related to?,Synaptic weight,Voltage attenuation,Tonic inhibition,Time average membrane potential,84,Koch,BrainXBench_CHOICE
What principle allows a dendritic tree to be reduced to a single equivalent cylinder?,Impedance matching,Action potential propagation,Neurotransmitter release,Voltage decay,85,Koch,BrainXBench_CHOICE
"What is the primary function of electrical synapses, as mentioned in the text?",They allow for direct current flow among adjacent neurons without synaptic delay.,They amplify neural signals across large brain regions.,They primarily mediate inhibitory neurotransmission in the central nervous system.,They store neurotransmitters for rapid release during neural signaling.,86,Koch,BrainXBench_CHOICE
What happens to the temporal output jitter in a network with many layers of spiking neurons?,It converges to a fixed but small number.,It increases significantly with more layers.,It becomes unpredictable and random.,It disappears completely due to synaptic background activity.,87,Koch,BrainXBench_CHOICE
What is one component often associated with the synaptic release process?,Synaptic vesicles,Thalamic cells,Voltage attenuation,Turing machines,88,Koch,BrainXBench_CHOICE
What is synaptic plasticity associated with?,Changes in synaptic strength and efficiency.,Automatic generation of action potentials.,Elimination of dendritic spines.,Complete insulation of nerve fibers.,89,Koch,BrainXBench_CHOICE
What is the primary factor responsible for the genesis of bursting in cortical cells?,"Fast, sodium-driven action potentials at the cell body.",High density of dendritic sodium channels.,Low-threshold potassium currents at the soma.,Random amplitude modulations of an electric field.,90,Koch,BrainXBench_CHOICE
What is synaptic plasticity associated with?,Changes in synaptic strength or weight.,The myelination of neurons.,The release of calcium triggers.,The generation of synaptic vesicles.,91,Koch,BrainXBench_CHOICE
Which term describes the enhancement of synaptic strength over a long duration?,Long-term potentiation,Paired-pulse facilitation,Synaptic depression,Synfire chain model,92,Koch,BrainXBench_CHOICE
What is the role of voltage-dependent channels?,They are involved in voltage-dependent currents.,They produce neurotransmitters.,They directly cause synaptic plasticity.,They are responsible for ionic pumps.,93,Koch,BrainXBench_CHOICE
Which of the following statements is related to dendritic spines?,Dendritic spines are involved in synaptic interactions and neuronal plasticity.,Dendritic spines generate action potentials in the axon hillock.,Dendritic spines store neurotransmitters for later release.,Dendritic spines increase the conduction speed of electrical impulses.,94,Koch,BrainXBench_CHOICE
What are synaptic vesicles associated with?,Synaptic release,Dendritic spine formation,Voltage-clamp technique,Synfire chain model,95,Koch,BrainXBench_CHOICE
What is synaptic plasticity associated with as mentioned in the text?,Synaptic weight,Dendritic trees,Visual cortex,Ionic pumps,96,Koch,BrainXBench_CHOICE
